campaign,asset_type,text
Safeco-Liberty,headline,Home Insurance Nonrenewal?
Safeco-Liberty,headline,Condo Policy Not Renewing?
Safeco-Liberty,headline,California Coverage Review
Safeco-Liberty,headline,Organize Your Next Step
Safeco-Liberty,headline,Start With Your Notice
Safeco-Liberty,headline,Review Your Deadline
Safeco-Liberty,headline,Home Nonrenewal Help
Safeco-Liberty,headline,Condo Nonrenewal Help
Safeco-Liberty,headline,Prepare Before Coverage Ends
Safeco-Liberty,headline,CoverageFit Nonrenewal Help
Safeco-Liberty,headline,Not Renewing? Start Here
Safeco-Liberty,headline,Understand Your Timing
Safeco-Liberty,headline,No Giant Quote Form
Safeco-Liberty,headline,Continue At Your Pace
Safeco-Liberty,headline,Local California Review
Safeco-Liberty,description,Received a nonrenewal notice? Organize the timing and prepare for a California review.
Safeco-Liberty,description,See your next-step timing before deciding whether you want producer contact.
Safeco-Liberty,description,Six short questions. No eligibility or pricing promise—just a clearer next step.
Safeco-Liberty,description,Continue into CoverageFit when you're ready. Your known details carry forward.
Generic,headline,Home Policy Not Renewing?
Generic,headline,Need a Nonrenewal Review?
Generic,headline,California Nonrenewal Help
Generic,headline,Home Insurance Ending Soon?
Generic,headline,Start With Your Notice
Generic,headline,Review Your Deadline
Generic,headline,Understand Your Timing
Generic,headline,Prepare Your Next Step
Generic,headline,Condo Policy Not Renewing?
Generic,headline,Home Nonrenewal Help
Generic,headline,No Giant Quote Form
Generic,headline,Continue At Your Pace
Generic,headline,CoverageFit Nonrenewal Help
Generic,headline,California Coverage Review
Generic,headline,Organize Before It Expires
Generic,description,Start with what happened, your deadline and property type. No giant quote form required.
Generic,description,See your timing result before deciding whether you want help from a local producer.
Generic,description,Organize a home, condo or rental nonrenewal in six short questions, then choose what comes next.
Generic,description,No eligibility or savings promise. Just a clearer path into a California coverage review.
