campaign,asset_type,text,line1,line2,final_url
All,sitelink,How CoverageFit Works,Start with your situation,Continue only when ready,https://coveragefit.com/how-it-works/
All,sitelink,Home Coverage Review,Organize home details,Prepare for a licensed review,https://coveragefit.com/home/
All,sitelink,Nonrenewal Help,Understand your timing,No giant quote form,https://coveragefit.com/nonrenewal/
Safeco-Liberty,sitelink,Safeco Nonrenewal Guide,California-specific context,Independent CoverageFit resource,https://coveragefit.com/nonrenewal/safeco/
All,callout,Value Before Contact,,, 
All,callout,About 2 Minutes To Start,,, 
All,callout,California Coverage Review,,, 
All,callout,No Eligibility Promise,,, 
All,callout,Continue At Your Pace,,, 
